,Ladder,1,2,3,4,5,6,7,8
0,0.0,0.0080727718418247,0.0115355961214087,0.0117647058823526,0.0080732966678034,0.0080727718418247,0.011782610557822,0.0119948652952546,0.0090216794718507
1,0.375,0.0090222042978295,0.0106045931668521,0.0117652307083316,0.0090395841473198,0.0090227291238083,0.0119948652952546,0.0129616776007496,0.0105861636654041
2,0.75,0.0106045931668521,0.0092697435602215,0.0117831353838009,0.0108157982523269,0.0106224978423212,0.0129616776007496,0.014756321207205,0.0115355961214087
3,1.125,0.0117831353838009,0.0094988533211657,0.0120122451447448,0.0127141383383575,0.0120127699707238,0.0147557963812261,0.0169016757296489,0.0117652307083316
4,1.5,0.0131734075122036,0.0120127699707238,0.0131728826862247,0.014507732292855,0.0143519497291522,0.0168832462282009,0.0200855418125487,0.0120117203187659
5,1.875,0.015933813772196,0.0154761190762868,0.0156867993357827,0.015686274509804,0.0186768401826979,0.0198380025501566,0.0249560180700255,0.0131728826862247
6,2.25,0.0196267974646817,0.0184466807697963,0.01821862066081,0.0168653415527315,0.0233187315052099,0.0235488909181114,0.0313920281730135,0.0156878489877405
7,2.625,0.0235494157440903,0.0209817850681247,0.0196267974646817,0.0186778898346557,0.0274525548700934,0.027506268896501,0.0380755775383935,0.0182549548377273
8,3.0,0.0277359034834239,0.0245330830730969,0.0212646088554764,0.0208416738585479,0.0316390426094268,0.0320988366092516,0.0446196745376036,0.0201044961399755
9,3.375,0.0332963331536273,0.028581639459853,0.0252230364858234,0.0242551745283707,0.0369872175421976,0.0393443019760954,0.0533813501401974,0.0238687077257873
10,3.75,0.0423548716283741,0.0336486185475527,0.031923965700694,0.0303052426547543,0.0450610390359802,0.0505470918569845,0.0673098400464422,0.0320993614352302
11,4.125,0.0559500304681206,0.0434291925397687,0.0411584247359562,0.0395206133451614,0.0566324445083274,0.0640157877634048,0.0873046748122593,0.0430008174742357
12,4.5,0.073994963889759,0.0580948601645858,0.0541190526847483,0.0503711712964694,0.0713708610400634,0.0791613339205157,0.1115544092720262,0.0542574553989607
13,4.875,0.0977729645688147,0.0778822976442081,0.0716010204529652,0.0633345573925837,0.0894315998332553,0.0970814366781516,0.1392360739030635,0.0672556011940557
14,5.25,0.1282508448107833,0.1030641425018767,0.0931614425286373,0.0817822878143379,0.1122243587053679,0.1194029865955323,0.1711189819930305,0.085721761117258
15,5.625,0.1661516854580473,0.1333335758056928,0.1191754513125249,0.1053126152135737,0.1404325207954816,0.1486139043595074,0.209177313699362,0.1094632936019686
16,6.0,0.2137050626862646,0.1714619517359642,0.1514106447964172,0.1314650801760173,0.1736539522739313,0.1872661001546171,0.2555830428189434,0.1365462366929901
17,6.375,0.2727577018589735,0.220349653744833,0.1930566892377223,0.1626140935207133,0.2120103883131889,0.2336186400737696,0.3085122866680273,0.1690127197948262
18,6.75,0.3440288760192769,0.2798571716747413,0.2452818022448064,0.2039940886450941,0.2590883001874556,0.2852835455747549,0.3648355477064846,0.2099503007688725
19,7.125,0.4262516270162251,0.3487533567256777,0.3060194236498117,0.2565183021727186,0.3176078181630983,0.341044423577157,0.4251503681319892,0.2589595504684421
20,7.5,0.5154196397431752,0.4243467972096324,0.3717850658357049,0.3161833111616939,0.3834764445208163,0.4005889345273893,0.4873965798471404,0.3129625860758978
21,7.875,0.607346484252181,0.503618074857926,0.4422995831240301,0.3817024637371529,0.4507707615493244,0.4655983106498553,0.5470989726649909,0.3717487316587876
22,8.25,0.6973565591737082,0.5852241996393892,0.5167155310429938,0.4518982716611477,0.5175933447971217,0.5337366551594281,0.6034054364713242,0.4348766227187344
23,8.625,0.7807904549912829,0.666233648720408,0.5914305751554542,0.5225349149304965,0.5838334026850077,0.6002057650168705,0.6575517900356177,0.5003957752941933
24,9.0,0.8537466113838826,0.7416679658759713,0.6634916719618635,0.5932274520832528,0.6483010008028228,0.6637392112242557,0.7099881081281767,0.5671271266692799
25,9.375,0.9107543095404218,0.8077148039069357,0.7306263986273889,0.6633494614483711,0.7097216145383576,0.7232783398972712,0.7591722287363039,0.6314470742049983
26,9.75,0.9494950128134584,0.8619593714086988,0.7909254136813397,0.7287127779957835,0.7667265348357695,0.7778409044556143,0.8021438281158096,0.6887908081110145
27,10.125,0.974120965812602,0.9049056381454424,0.8421888534012181,0.7873445638080656,0.8160018278955804,0.825427354019505,0.837883587792521,0.7370181816955632
28,10.5,0.9864315848201572,0.9340295326631396,0.8820471368709788,0.837772769599625,0.853443934213579,0.8601438137764916,0.863050740413539,0.7764120719011147
29,10.875,0.9711425238864584,0.9340408277859308,0.9058823094978976,0.8720240554463721,0.8653597134111366,0.8690902149499254,0.8661609026759586,0.8051580018677732
30,11.25,0.898288527642822,0.8762892569385018,0.895769774014556,0.8709519566482153,0.8261384580423075,0.8291284988892229,0.8241570037464088,0.8092899014408134
31,11.625,0.7782302793344148,0.7684498657991115,0.8265880327754482,0.8115612562483118,0.7422052686774729,0.7447549946779695,0.7410823904253737,0.7688107638908719
32,12.0,0.6840461615791966,0.6811770353368373,0.7265735959617501,0.7203018712992174,0.6729146326139,0.6740777449198005,0.6726799023563386,0.7018213386712926
33,12.375,0.6498045873268824,0.649274995497763,0.6631465573163653,0.6615545157391138,0.647600100496975,0.6478790276311195,0.6474622275051758,0.6571791855947626
34,12.75,0.6599746419893058,0.6589315186106636,0.6473176152115978,0.6470750457776612,0.6556021281283307,0.6562844875827074,0.6545460479203606,0.6453063213109127
35,13.125,0.7263541028889262,0.7203997629447494,0.6665144548959141,0.666210703319403,0.7054168742858136,0.7091438103029161,0.7006887624726614,0.6570132305524085
36,13.5,0.8479518723897401,0.8298825445720708,0.7360622049271514,0.7346306079876822,0.7933169778909275,0.8035121282072327,0.7817858683256097,0.7000636390711711
37,13.875,0.9496965976580828,0.9145399670907064,0.8349474666123732,0.8319703930858606,0.8586764320589748,0.8756755611522747,0.8406057174551325,0.7585035402786946
38,14.25,0.9861584825619444,0.9335941270581224,0.888326671508214,0.8852962061367162,0.8669132823927921,0.8897300002582746,0.8450101914073238,0.7822829952034414
39,14.625,0.9819399653016814,0.9129525483780344,0.8829228672544711,0.8803116992517891,0.8399860730930704,0.8691540824326829,0.8167201585514605,0.7637338749991407
40,15.0,0.9634567140095188,0.87722063768643,0.8509997454509766,0.8470737553443395,0.8008901688493767,0.8350707238953279,0.7774332760730318,0.725852162226696
41,16.231884057971016,0.9353508793337898,0.8323401685047012,0.8090713923272033,0.803797444878158,0.7563401232213504,0.7921955785795501,0.7335001400433921,0.6801587553884627
42,17.463768115942027,0.8961372923631955,0.7796936949786251,0.7603339159297412,0.7554987241972239,0.7061207248887683,0.7419398995343947,0.6861274646008878,0.6296604947970419
43,18.695652173913043,0.8458989931675304,0.7203456868586156,0.7058379545657605,0.7019342906137788,0.6498676377646355,0.6869195400152532,0.6345846850809264,0.5762030449935173
44,19.92753623188406,0.787416334194784,0.6564301108009497,0.6473900018276508,0.6446116908921893,0.5927925773054381,0.6301755773012109,0.58055069757377,0.5215512476014901
45,21.15942028985507,0.7252047481611853,0.5908757271648752,0.5864775095140881,0.5850682830582585,0.5373618051876206,0.5726032584602295,0.5264928177348649,0.4667219551710109
46,22.391304347826086,0.6616023651732053,0.5278737742122758,0.5264645477564462,0.5250384662771053,0.4830818528960089,0.51563084482865,0.4728979614047417,0.4125273276489141
47,23.6231884057971,0.5977725809196457,0.4698595660469389,0.4700523416309656,0.4670612511320925,0.4315380237240895,0.4619437604382024,0.4209523848846643,0.3613916777543275
48,24.855072463768117,0.5367032029260786,0.4169666029104285,0.4190740487780184,0.4141856678450724,0.38437655336706,0.4125652363037679,0.3740194994626,0.3159341974213652
49,26.08695652173913,0.4809423827150638,0.3693443423659603,0.3735976141176291,0.3667397186696703,0.3413798539475708,0.3667033844927532,0.3325872842366641,0.2753466685199011
50,27.318840579710145,0.4316003267749748,0.3286358711528581,0.332587809062643,0.3240438282660862,0.3032211087349652,0.3251855114801389,0.2960972445231662,0.2386818919152733
51,28.550724637681157,0.3907843469559733,0.2959598914609116,0.2965391338475218,0.2873785268354798,0.2700718207843715,0.2898908690071011,0.2637568335461056,0.2075205479811404
52,29.782608695652172,0.3593379459131451,0.2702476073274589,0.265937997419488,0.2583071149020186,0.2426034605427243,0.2608026020501286,0.2354606420034983,0.1823891341765782
53,31.014492753623188,0.3339226586692736,0.2478762089743382,0.2404575811943016,0.2349166306775038,0.2206364336676562,0.2358471088060817,0.211578944844867,0.1615843193209263
54,32.2463768115942,0.3114996455936607,0.2291831726115354,0.2197738426677156,0.2144446220623717,0.2028737414160031,0.2134778097568765,0.1908967807962176,0.1442793217651825
55,33.47826086956522,0.2918897031524903,0.2162003073620151,0.2034882683275729,0.1970354032010735,0.1885217916868509,0.1940985515545867,0.1730651517639698,0.1311059142529789
56,34.710144927536234,0.2750243615997587,0.2053122315644044,0.1894701744908979,0.1830515442374003,0.1755948737850816,0.1784117522188041,0.1573952074516984,0.1206929130007679
57,35.94202898550725,0.2602690900445115,0.1931083945050182,0.1767386563030499,0.1718502753701036,0.1636201464866395,0.1663995070740589,0.1440307328508325,0.1112321023518838
58,37.17391304347826,0.2473068876177826,0.180869855538039,0.1652193903791734,0.1617885098598603,0.1545968925368521,0.1571297635138371,0.1338294615100752,0.1033873906190452
59,38.405797101449274,0.2352962169509743,0.1703189763975943,0.1557764844057587,0.1522408577549121,0.1478605447795941,0.1490385621705641,0.1255275799073062,0.0971092623836755
60,39.63768115942029,0.2233540160301694,0.1624416042696905,0.1492681967574871,0.1437816191105039,0.1407545852432643,0.1411769954142139,0.117666537976935,0.0911818450642945
61,40.8695652173913,0.2112755922521518,0.1568990792749565,0.1437261965887317,0.1375029660491551,0.1326140602902303,0.1333343829852908,0.1100514608310194,0.0855552367608184
62,42.10144927536231,0.2008110297417923,0.1517631590796182,0.1372380469372727,0.1321732206178325,0.1253333638627709,0.1255265302553485,0.103369485943576,0.0807884569829171
63,43.33333333333333,0.1930205033969965,0.1460290421702428,0.1305897820968522,0.126439628534436,0.1206207694729122,0.1181242326728444,0.0980576451877224,0.0772538799840285
64,44.565217391304344,0.1850698575361951,0.1399805485217959,0.1245412884484054,0.1206018151454852,0.1160629614591421,0.1123911654154268,0.0929575343433226,0.0731379612946141
65,45.79710144927536,0.1766833677987056,0.1331395080973487,0.1186149207809821,0.1146928273275522,0.1099993212825484,0.1086443336791054,0.0874541016728279,0.068075368296517
66,47.028985507246375,0.1688744654168055,0.1259499900782559,0.1127950120675005,0.1088734434400495,0.1043357734230923,0.1045105103142218,0.0826004804388627,0.0643829094300103
67,48.26086956521739,0.1619812854438871,0.120252207345798,0.1073084344205175,0.1033868657930663,0.1000993032305908,0.0994305374666346,0.0786794366373906,0.0627814322161328
68,49.492753623188406,0.1559143622939921,0.1167344853704206,0.103369485943576,0.0994479173161251,0.0965110656696381,0.0955432037121855,0.0757073004659443,0.0615849853237147
69,50.724637681159415,0.1499869449746111,0.1137444445235054,0.1008006715982245,0.0968791029707736,0.0945600612091578,0.0931876937562243,0.0735793257929906,0.059985216605202
70,51.95652173913043,0.1441507060635969,0.1109835134375339,0.0978290602527572,0.0939069667993275,0.0939238218228388,0.0911818450642945,0.0717857318384933,0.0588414340872338
71,53.188405797101446,0.1384876830301196,0.1088723937880917,0.0943657111471945,0.0904262378442742,0.092940679319811,0.0894773302142484,0.0708362993824884,0.0578925264572078
72,54.42028985507246,0.1340417162475078,0.1070614199841042,0.0918517944976363,0.0877005912832624,0.0913925253237903,0.0886500237392672,0.0708362993824884,0.0572600948701691
73,55.65217391304348,0.1320527225790893,0.105883927419113,0.0916232095626712,0.0865230987182712,0.0906553476052183,0.0892661251287734,0.0717857318384933,0.0578930512831868
74,56.88405797101449,0.1326335394436362,0.104757524750635,0.0929754390187916,0.0863113688068175,0.0913930501497692,0.0902329374342687,0.0735793257929906,0.0588598635886818
75,58.11594202898551,0.1343185751402764,0.103599645356478,0.0941186967107812,0.0865230987182712,0.0929585839952804,0.0916232095626712,0.0757073004659443,0.060233280693573
76,59.347826086956516,0.1362891393072469,0.104565932835994,0.0952967141017511,0.0877011161092413,0.0941539812357405,0.0945948209081385,0.0786799614633694,0.0630105419770767
77,60.57971014492753,0.1382217142662792,0.1077133307245488,0.0971087375576966,0.0904441425197435,0.095755458449618,0.0992361874046712,0.0826183851143318,0.0669142059290586
78,61.81159420289855,0.1402291374361459,0.1107902130275283,0.0992540920801405,0.0941360765602714,0.0994479173161251,0.1047048603761853,0.087683211433772,0.0717499224875548
79,63.04347826086956,0.1424087268315915,0.1141852841959032,0.1024205783135502,0.0980397405122532,0.1045110351402007,0.1095932413091314,0.0941181718848023,0.0770421500725746
80,64.27536231884058,0.1457879926284127,0.1190731403028702,0.1070793246595733,0.1019618339656831,0.1086443336791054,0.1139735542844494,0.1005715618372806,0.0812107331364389
81,65.5072463768116,0.1514135512799309,0.1255091504058583,0.1125659023065565,0.1059181622921148,0.1123906405894479,0.1193032997157721,0.1059007824426245,0.0851698196101931
82,66.7391304347826,0.1586937228814116,0.1321742702697903,0.1176660131509563,0.1102637155684521,0.118106852823354,0.1269357567111781,0.1114417329594221,0.0918523193236153
83,67.97101449275362,0.1659039037232959,0.1384697783546502,0.1229947089303213,0.116101528957403,0.1253148003438948,0.1363597083571658,0.1190731403028702,0.1008370057751419
84,69.20289855072463,0.173975625913163,0.1457869429764551,0.1298710338797282,0.1233985555823951,0.1323854753552651,0.1464888361700675,0.1282521768163604,0.1098228758960542
85,70.43478260869566,0.1836123571225623,0.155316690405934,0.1382232887442158,0.1305913565747888,0.1396125112206606,0.1577947977045537,0.1370442217012881,0.1190378557779108
86,71.66666666666666,0.1943022172675419,0.1662887960479425,0.1466988575861568,0.1384339690037119,0.1480886048885804,0.1688190428950333,0.1453281986285879,0.1294291445553724
87,72.89855072463769,0.2056814525349255,0.1762420033003289,0.1543493532744599,0.1469100626716317,0.1568811745994871,0.1776322754287315,0.1543672579499293,0.139998978023244
88,74.13043478260869,0.2162306766443493,0.1854922677071449,0.1633531280708415,0.155087055819011,0.1658849493958688,0.1869004445110165,0.1649539464413121,0.1499864201486322
89,75.3623188405797,0.225801229220476,0.1953581086774882,0.1741319333028446,0.1639692294603478,0.1755211557792892,0.1981374692649076,0.1764890177367422,0.1600476608328969
90,76.59420289855072,0.2365633669107394,0.2060500681263835,0.1838913153192463,0.1735337365888074,0.1852636827721796,0.2099895414293036,0.1882358189436259,0.1707907101783052
91,77.82608695652173,0.2514407109826664,0.2172697130307841,0.1925987520694534,0.183365342686149,0.1949183186570482,0.2225636491111685,0.1999999999999997,0.1824169598821019
92,79.05797101449275,0.2678255957127816,0.2274867897430954,0.2026035740443318,0.1933359297880257,0.2041691078898431,0.2350997675850954,0.2117647058823528,0.194320121943011
93,80.28985507246377,0.2820895965425247,0.2380930914053121,0.2147384165317358,0.2039399981288991,0.2143514249031735,0.2472710782668442,0.2235288869387269,0.2071064843623086
94,81.52173913043478,0.2952956644497935,0.2512268817672971,0.2270280453952282,0.2147547467292683,0.2265020727621309,0.2600015468027344,0.2352762129715895,0.220574130616771
95,82.7536231884058,0.3091009787230571,0.2652590146887736,0.2382493987949936,0.2258685915231344,0.2387753714280909,0.2733317865305986,0.2468297137684676,0.2340987204065985
96,83.98550724637681,0.323906757557451,0.2779547235256834,0.2494143334853726,0.2380187145561129,0.2498018499399139,0.2860622550664888,0.2576618422183272,0.2468460439660001
97,85.21739130434783,0.3397151045839348,0.2889991067129756,0.2617598562322725,0.2493431055920467,0.2602132767141882,0.2982325160962802,0.268038509293621,0.2590173546477492
98,86.44927536231883,0.353605551817898,0.2992167082512655,0.2738214249867787,0.2585944196508205,0.2717662526850875,0.3107349245231841,0.279362900329555,0.2715366180981644
99,87.68115942028984,0.3635273401359924,0.3100151266541022,0.2836883156090799,0.2671248861885547,0.2839174253700238,0.3229213817330798,0.2903876703460136,0.2839174253700238
100,88.91304347826086,0.3728335518905593,0.3213389928640572,0.2916037304092653,0.2770959981164103,0.2948369201019265,0.3333328085073543,0.2991998532277542,0.2950660298628704
101,90.14492753623188,0.385987346231929,0.3319262061814192,0.3008560941199969,0.2890185858663814,0.3048976359602122,0.3437273802581175,0.3084337874370375,0.3060767030031399
102,91.37681159420289,0.4016181982199609,0.3411938504377256,0.3128297717664812,0.3003582574478902,0.3146917776755946,0.3557010579046018,0.3192636825655537,0.3174516591096081
103,92.6086956521739,0.4165998976148702,0.3506389897324838,0.3254907209044102,0.3099793173031637,0.3245407636224264,0.3672197990024992,0.3293938600304131,0.328427047724918
104,93.84057971014492,0.4310886755802985,0.3619623311164601,0.3381685250658506,0.3197381744935867,0.3344939708748129,0.3774021160158296,0.3393296874333091,0.3391348125453668
105,95.07246376811594,0.4442403706177527,0.3738838692144735,0.3503539326237888,0.3295849271190751,0.3448684046287633,0.3872858616616421,0.3492111997577782,0.349404500167784
106,96.30434782608695,0.4546186121709832,0.3838365516408809,0.3605541543125883,0.3370078875243711,0.3545056606641417,0.397274878264967,0.3568806497735083,0.357793223226617
107,97.53623188405797,0.4636755761677935,0.3921205285681806,0.3699987687813677,0.3435156503466636,0.362911238746486,0.408072247015846,0.3647428753732653,0.3658486152189516
108,98.76811594202898,0.4723997339240842,0.3999989503480421,0.3803732025353179,0.351059691408069,0.3717934123878229,0.4195899384617858,0.3755206309533104,0.3741303588249078
109,100.0,0.4808063616583864,0.407842612428923,0.3905190513543033,0.3589907197709929,0.3811282849293593,0.430913279845762,0.3863868024673562,0.3813410644927708
110,104.28571428571429,0.4906369181037704,0.4156678450083557,0.3985733936946802,0.3674310040879742,0.3897650186122197,0.440761216140636,0.3946523498932079,0.3884285945276524
111,108.57142857142857,0.5017306249008235,0.4232829221542715,0.4050643014934614,0.3750618866054434,0.3968145594391634,0.4491499391994691,0.4013707929749968,0.3958482719596472
112,112.85714285714286,0.5120702989557934,0.4299996567406956,0.4117815609058644,0.3813231598173017,0.4031659614074308,0.4576265576933678,0.4090027251444239,0.4025133918235792
113,117.14285714285714,0.5201430707976182,0.4357354821454355,0.4186584106812501,0.387267956986173,0.4099705871018766,0.4652758697122852,0.4170211241164343,0.4078247077534538
114,121.42857142857143,0.5266850684929127,0.4427502632733985,0.4256400065881691,0.393124199876572,0.4172686633788265,0.4717493976615761,0.42307014259086,0.4129253434238324
115,125.71428571428572,0.5339859029171848,0.451577539218942,0.4329549378886304,0.3990684722194644,0.423528886938727,0.4786599574839847,0.4276442808021625,0.4184461559438175
116,130.0,0.5430916656977773,0.4590851077589584,0.4392325412980211,0.4053107911038958,0.4297733051270739,0.4862745098039216,0.4325505664105777,0.4235120319152154
117,134.28571428571428,0.5521301467287958,0.46430905740679,0.4456702598963737,0.4126778041614404,0.4368928367136138,0.4938880124719006,0.4380550487330301,0.4283993631962037
118,138.57142857142856,0.5584951164202296,0.4682849989040556,0.4534927343284842,0.4195334662880556,0.4431188254005127,0.5007632877693498,0.4431367300759818,0.4331477134726571
119,142.85714285714286,0.5634915307850539,0.474105957269495,0.459929269257451,0.4230348580659004,0.4491325593499788,0.506794926394285,0.448202081221401,0.4371745530576203
120,147.14285714285714,0.567483143636445,0.4815771959596377,0.4636761009937724,0.4246895244802067,0.4550577433480163,0.5122988838907585,0.4535106390039534,0.4407796456420843
121,151.42857142857144,0.5711967901517224,0.4867472932365901,0.4671075063390644,0.4267496120245231,0.458382164913388,0.5162388820196576,0.4576276073453256,0.4431367300759818
122,155.71428571428572,0.5766996979962382,0.4901597442544553,0.4718020620360259,0.4298617788524621,0.460425531451621,0.5188250762144994,0.4609504544327605,0.4454764346603892
123,160.0,0.5829224037098357,0.493166640124882,0.4774829897449726,0.4347865745154096,0.4641696050406199,0.5220084174714205,0.4647498970791879,0.4488513678319513
124,164.28571428571428,0.5879529951562743,0.4962277170563078,0.4833013239805175,0.4411135015345615,0.4694096930771687,0.5264211990329881,0.4685639571007396,0.4516822853504753
125,168.57142857142856,0.5916970687452733,0.4996036998798278,0.4889812020375064,0.447197751069603,0.4740331548982324,0.5305180293775476,0.4721169101367326,0.4534758793049727
126,172.85714285714286,0.5939499318736166,0.5017485295762929,0.4936399483835296,0.450520073331059,0.4770052910696786,0.5319430612049307,0.4740494850957649,0.453722368915407
127,177.14285714285714,0.5956745847204753,0.5033331517666588,0.4966131342069335,0.452334330108348,0.478429798071083,0.5322096888121778,0.4744734697446513,0.4533190470893122
128,181.42857142857144,0.5990505675439952,0.5058813032892187,0.4980381660343167,0.4549003863063771,0.4798032151759741,0.5349695702461914,0.4744913744201204,0.4539351484788185
129,185.71428571428572,0.6025302468470906,0.5083957447647556,0.4994289629886982,0.457415352607893,0.4821233065895476,0.5397682937843635,0.4742980740101148,0.4544785009614063
130,190.0,0.6048178118830271,0.5095558574802563,0.5019602594877466,0.4585765149753513,0.483706220284549,0.5432137382144572,0.4735608962915427,0.4539351484788185
131,194.28571428571428,0.6064339107990724,0.5097681122176889,0.5044741761373047,0.4588224797598068,0.4835314833934194,0.5436714329103663,0.4729453197280153,0.4533190470893122
132,198.57142857142856,0.6066640702119743,0.5095916668311947,0.5056348136787844,0.4590352593232185,0.4839723230658173,0.54256569306468,0.4735608962915427,0.4537228937413859
133,202.85714285714286,0.6062607483858795,0.5088544891126227,0.5058639234397283,0.4597903417172597,0.486291364827433,0.5425835977401493,0.4742980740101148,0.4534937839804419
134,207.14285714285714,0.6068931799729184,0.5082220575255837,0.5058818281151976,0.4606171233662621,0.4887705217780105,0.5439194969987373,0.4744918992460993,0.4519119199373982
135,211.42857142857144,0.6076135026679791,0.5086427592011689,0.5058823529411763,0.4609325497572913,0.4897183797560785,0.5446387700418404,0.4744913744201204,0.4500304348748791
136,215.71428571428572,0.6075961228184887,0.5086248545256997,0.5058818281151976,0.4615307464713285,0.4889806772115275,0.543883687647799,0.4742801693346457,0.4482373657463605
137,220.0,0.6066640702119743,0.5079745182631916,0.5058639234397283,0.4611246664979113,0.4872049879324993,0.5421243285663034,0.4733312617046197,0.4470588235294117
138,224.28571428571428,0.605099586018421,0.5074457874827719,0.5056348136787844,0.4588061495622744,0.4850959675869728,0.5402096582827401,0.4717662526850874,0.445879756486484
139,228.57142857142856,0.6041327737129258,0.5056527183542535,0.5044741761373047,0.4563096127622066,0.4823713706779187,0.5382211894403004,0.4707999652055712,0.4440687826824963
140,232.85714285714286,0.603691934040528,0.5031214218552051,0.5019592098357889,0.455148450394748,0.4798574540283606,0.5362875648293103,0.470375455730706,0.441958187859033
141,237.14285714285714,0.6025139166495581,0.501010302205763,0.4993936784637387,0.4548840561088445,0.4788906417228654,0.534263811461911,0.4693744085522093,0.4392151614485309
142,241.42857142857142,0.5999999999999999,0.4989702186408311,0.4975978511878978,0.4544253117609775,0.4793981848545146,0.5319077766799711,0.4673859397097696,0.4364552800145174
143,245.71428571428572,0.597485558524463,0.4966147086848701,0.4945220185368761,0.4523152417634931,0.4799779520671037,0.5280214925774798,0.4645386919937131,0.4341329552796003
144,250.0,0.5962896364580239,0.4927631842813593,0.4898101364547681,0.4482373657463605,0.4791327409166533,0.5229768042548522,0.4611800890196835,0.4313725490196078
145,254.6875,0.595619162198703,0.4881414309556604,0.4869449840632424,0.4447740166407976,0.4772344008306226,0.5192838205623663,0.4590347344972396,0.4286116179336365
146,259.375,0.5934738076762592,0.4863294074997148,0.4860801597419582,0.4433668894888837,0.4745092790955896,0.5176470588235293,0.457415352607893,0.4262719133492292
147,264.0625,0.5891662970722038,0.4876272640860212,0.4848494779765384,0.4426964152295629,0.4717662526850874,0.5160097722587136,0.4544432164364467,0.4232997771777829
148,268.75,0.5845438849030979,0.487150615062685,0.4821054019140784,0.4407622657925938,0.4696214229886224,0.5122994087167374,0.4500135798513676,0.4195899384617858
149,273.4375,0.5806744558241178,0.483248134780089,0.4784303228970619,0.4374031379925853,0.4674038443852388,0.5070424656566772,0.4455106695333909,0.4156857496838249
150,278.125,0.5780910197765985,0.4786420528085156,0.4747210090070435,0.4343267805155848,0.4645213121442226,0.5021898940746695,0.4423826973338982,0.4117647058823528
151,282.8125,0.5774200206912989,0.4745450884465281,0.4715376677501224,0.4311608191081542,0.4609509792587394,0.4980571203617436,0.4397406092556493,0.4078431372549018
152,287.5,0.5766437506484872,0.4708183947070194,0.4682495803616679,0.4274515052181358,0.45787409695576,0.4941176470588235,0.4358744096856266,0.403921043801472
153,292.1875,0.5734442132114614,0.4678452088836154,0.4639410201056548,0.4237590463516287,0.4549009111323558,0.4901781737559033,0.4305268130431785,0.3999820953245308
154,296.875,0.5695410740854584,0.4654881244497177,0.4604250066256421,0.4208037652036941,0.451894015261929,0.4860438255650409,0.4255352604566358,0.3958487967856261
155,301.5625,0.5651439638780166,0.4625154634522928,0.4585938948248418,0.4186405060057809,0.448393673136042,0.4811391144345622,0.4205920352922403,0.3909783205281492
156,306.25,0.5594315594433906,0.4588056247362955,0.4560261301314481,0.4163876428774377,0.4429255249905071,0.4752469816401408,0.4158990540732153,0.3854917428811659
157,310.9375,0.5554910364885127,0.4549014359583347,0.4509803921568627,0.4130821756394929,0.4369134995364054,0.4686898952080869,0.411782085731843,0.3806044116001775
158,315.625,0.5530969590342909,0.4509809169828416,0.4459351790082562,0.4076314073434481,0.4327807258234795,0.4623596808885901,0.4078431372549018,0.3762762381733306
159,320.3125,0.5481021191474033,0.4470762033789019,0.4433837445123951,0.4016372865648159,0.4300007063926534,0.457892526457208,0.4039031391260028,0.371582207302348
160,325.0,0.5401922784332499,0.4433489848134144,0.4417296029240678,0.3977157179373647,0.426272963001187,0.4537407984168551,0.3997524607376077,0.3668159523504255
161,329.6875,0.5320337682516625,0.4401645939045356,0.4387395620771523,0.3958667014610952,0.4219470228956834,0.4491509888514269,0.3946697297426982,0.3623661777685338
162,334.375,0.5262154340161175,0.436858601840612,0.4341150506041311,0.393474332502238,0.4186584106812501,0.444683309594066,0.3882173894421776,0.3568627450980393
163,339.0625,0.5230126136057905,0.4323209318236547,0.4288586323700496,0.3889371873112595,0.4154745445983501,0.438774321776133,0.3815712239056725,0.3513593124275447
164,343.75,0.5215517724274689,0.4276432311502047,0.4249370637425989,0.3833637682082123,0.4117468012068837,0.4315837541050826,0.3755564403042488,0.3469090130196739
165,348.4375,0.5199302912342068,0.4232639678268446,0.4223503447217782,0.3778777153872081,0.4078241829274749,0.4249191590671296,0.3700177231087947,0.3421253782182611
166,353.125,0.5162025478427403,0.4177593514869642,0.4191311941139186,0.3737107068012805,0.4036740293650588,0.4193966380517799,0.3656374101334767,0.3372190926098459
167,357.8125,0.5107159701957571,0.4096551607108474,0.414260193030463,0.3699986347639399,0.3985918231961283,0.4133470947513755,0.3609585257906409,0.3319246317034827
168,362.5,0.5046859060487584,0.4012518694141902,0.4078431372549019,0.3647243118543892,0.3921573875710769,0.4062612732118583,0.3538906089265929,0.3252616111434661
169,367.1875,0.4978438159723533,0.3967847149828081,0.4014250318273833,0.3596601443783558,0.3857387573175792,0.400229109760944,0.346717421105033,0.3178935484339638
170,371.875,0.4906021584047897,0.3947071135715734,0.3965197958709257,0.3570744750094929,0.3808335213611217,0.3949177938310693,0.3414234850246485,0.311423828283953
171,376.5625,0.4842691859379704,0.391698118397231,0.392894565289649,0.3550305836452812,0.3772082907798451,0.3891847265736516,0.3370436968753094,0.3068491652466716
172,381.25,0.4779042162465367,0.3872321476352345,0.3886217609202304,0.3505309028362617,0.3729349615844477,0.3833469131847009,0.3321374112668942,0.302347251116309
173,385.9375,0.4702028181434921,0.382288922470839,0.3825185570577619,0.3442338737378089,0.3668149026984677,0.3774363508888314,0.3264380540564993,0.2960154623188753
174,390.625,0.46436552958052,0.3770687849493311,0.3768756185567534,0.3380822084357655,0.3609781389614748,0.3715648274528578,0.320584435295995,0.2894409960373312
175,395.3125,0.4604406779797678,0.3705600259394246,0.3721071302834875,0.3313627691663627,0.3554893279931481,0.3654425352455344,0.3144800477641408,0.283336608505477
176,400.0,0.455834538216807,0.3641625298703536,0.3660417816115293,0.3249657979232705,0.3490027528196259,0.3586389592030463,0.3078882016331064,0.2774656098954822
177,406.06060606060606,0.4509624874813935,0.3587784650335602,0.3580412873149881,0.3198097931954635,0.342355537631163,0.3511465328641332,0.3013452077501981,0.2715550475996127
178,412.1212121212121,0.4458966115099954,0.353345023122662,0.3506563695819742,0.3155196089765546,0.336340754029739,0.344131226910191,0.2959112410133209,0.2657172342106617
179,418.1818181818182,0.4403578943145412,0.346258151931187,0.3453276738026092,0.3107349245231841,0.3308025616602636,0.3370431720493305,0.2899664438444496,0.2599841669532443
180,424.24242424242425,0.4350286737091975,0.3395767018697224,0.3407356309158376,0.3056353385047632,0.3264391037084571,0.3294128143578401,0.2832849937829849,0.2546728510233695
181,430.3030303030303,0.4285725256093968,0.3337540350089183,0.3348799128514174,0.2996210797293182,0.3219545694275849,0.3218156418873936,0.2763213025515352,0.2486412123984341
182,436.3636363636364,0.4195536042848684,0.3264401533604149,0.3275997412499367,0.2925536876912491,0.315623830282109,0.3151331421739712,0.2690421806020122,0.2415727707084073
183,442.42424242424244,0.4099342529249594,0.3190373309519319,0.3206191949949755,0.2867332541517886,0.3090656941980976,0.3097860168931582,0.2632043672130615,0.2357349573194567
184,448.4848484848485,0.4004043714780525,0.3127939624155429,0.3137433948715475,0.2823708458519396,0.3031382768787165,0.3042450663763607,0.2588409092612549,0.231160819108154
185,454.54545454545456,0.3892389654260382,0.3068496900726505,0.3070614199841042,0.2782022627880754,0.2977927260758399,0.2966310388824026,0.2546549463479002,0.2260438532402429
186,460.6060606060606,0.3785687184518924,0.3009944968342093,0.3010124015096784,0.2733128322031717,0.2915488327134721,0.2876647819323241,0.2495543106775217,0.2196083679632335
187,466.6666666666667,0.3714964689625855,0.2950844593643186,0.2951023640397876,0.267598194447202,0.2835320082193981,0.2798569292023817,0.2429076203150377,0.2131902625357149
188,472.72727272727275,0.3676801178283029,0.2892476956273255,0.2894589007128002,0.261584460497736,0.2761476153123633,0.2735788009670119,0.2355237522339816,0.2083018816027688
189,478.78787878787875,0.3640354080936205,0.2835488632429097,0.2844798661974663,0.2551489752207267,0.270853154406,0.2676166239486504,0.228876537045519,0.2048710010834556
190,484.8484848484849,0.3583914199406541,0.2786431024604732,0.2799784768930826,0.2496281627007419,0.2666671914926455,0.2615665558222668,0.2237595711776077,0.2013353744326091
191,490.9090909090909,0.3511286281886638,0.2742801693346457,0.274068439423192,0.2458981859879321,0.2624980836028023,0.2549014359583346,0.21939663805178,0.1958487967856259
192,496.969696969697,0.3441480819337025,0.2691800584902457,0.2668783965781203,0.2417464579475792,0.2574158774338717,0.2482199858968701,0.214507732292855,0.1896255662460495
193,503.030303030303,0.3372543771348055,0.2627271933637465,0.2602301317376998,0.2364189458376,0.2509967223543953,0.2419766173604811,0.2090032499704026,0.1845602151006304
194,509.0909090909091,0.3303438173123967,0.2560799781752836,0.2548845809348232,0.2311250097572157,0.2447218770923267,0.235312022322528,0.2039036639519817,0.1803926816887238
195,515.1515151515151,0.3231510163200028,0.2500314845268367,0.2493610102675161,0.2249000707222748,0.2399702438425722,0.2288417773465383,0.1986097278715973,0.17624147847435
196,521.2121212121212,0.3149224619144752,0.2441051168594135,0.2419597623369695,0.2170949761396545,0.2347322016455952,0.2235473164401751,0.1921573875710769,0.1713704773908942
197,527.2727272727273,0.3075201643319711,0.2382846833199531,0.2339761230639399,0.2106589660366666,0.2278016913081455,0.2184472055957751,0.185721377468089,0.1658838997439111
198,533.3333333333334,0.3022077987501386,0.2327807258234796,0.2281219794774565,0.206912134300345,0.2220376764780712,0.2129258682498114,0.1806217914496679,0.1609960436369437
199,539.3939393939394,0.2978095810993515,0.2286300474350846,0.2242844941587471,0.2034807289550531,0.2174250242328517,0.207842612428923,0.1762588583238403,0.1566515400125643
200,545.4545454545455,0.2926741857299921,0.2251112758077496,0.2199769300903478,0.1987861732580915,0.2125756821598015,0.2027430264105021,0.1713536223673828,0.1517805389291084
201,551.5151515151515,0.2858157654560544,0.2205388460918116,0.2136625211424045,0.1931047207231659,0.2070153059539419,0.1970278638285537,0.1656726946584361,0.1464883113440888
202,557.5757575757575,0.277499844768484,0.2156504651588655,0.2071059595363297,0.1872684818121519,0.2020058486919299,0.1912074302890931,0.1600645158564082,0.142355012805184
203,563.6363636363636,0.2694824954484311,0.2103733841019925,0.2012138267419083,0.1813589691682401,0.1970447188520652,0.1854922677071449,0.1552982609044859,0.1388372908298067
204,569.6969696969697,0.2641532748430875,0.2039036639519817,0.1963085907854507,0.1755216806052681,0.1921394828956076,0.1803921568627449,0.1517631590796184,0.1342827657893379
205,575.7575757575758,0.260176808519843,0.1972395937400075,0.192156862745098,0.169805993197341,0.1870562270747193,0.1752920460183453,0.1476288108887558,0.129623494617336
206,581.8181818181818,0.2544442660884044,0.1910141298790875,0.1880061843567029,0.1647069320048988,0.1813415893187497,0.1695768834363968,0.1423197282802244,0.1255075759279216
207,587.8787878787879,0.2472868836383981,0.1845607399266093,0.183135183273247,0.1596410560335008,0.1755216806052681,0.1637564498969363,0.1372543771348053,0.1215691522769593
208,593.939393939394,0.2408176883143661,0.179022022731155,0.1776496552782218,0.1543319734249697,0.1698233730468312,0.1580412873149881,0.1321726957918536,0.1176475836495082
209,600.0,0.2360497248670789,0.1750803161068914,0.1727955092182775,0.1501981500600862,0.1649176122643949,0.152941701296567,0.1266697879473379,0.1137433948715473
210,609.3023255813954,0.2308274880416556,0.1699807300884706,0.1688391808918459,0.1466804280847087,0.1605546791385672,0.1478584454756786,0.1218161667133723,0.1100335561555503
211,618.6046511627907,0.224074472742658,0.1631240183098974,0.1654262050480017,0.1421259030442399,0.155455617946125,0.1423376329556936,0.1178945980859216,0.1070608951581253
212,627.9069767441861,0.2188522359172346,0.1573209646199274,0.161187635551585,0.1374666318722379,0.1490369876926274,0.1372549019607842,0.1149040324130272,0.1047038107242276
213,637.2093023255813,0.2140837476439687,0.1529596059720361,0.1552803562290166,0.1333507131828234,0.1427969021295396,0.1321726957918536,0.1125290433036603,0.1017311497268024
214,646.5116279069767,0.2075971724704463,0.1488084027576623,0.1504104047975186,0.1294117647058821,0.1384687287026925,0.126669263121359,0.1093451772207604,0.098021835836784
215,655.8139534883721,0.2002285849349651,0.1441307020842122,0.1467151877836894,0.1254722914029621,0.1351279769397882,0.1217987868638821,0.1047038107242275,0.0941355517342925
216,665.1162790697674,0.1935645147229907,0.1393644471322896,0.1423381577816725,0.1213389928640573,0.1313106296178918,0.1176828681744678,0.0994468676641673,0.0904436176937646
217,674.4186046511628,0.188235294117647,0.1348972927009076,0.1384155395022637,0.1164685166065804,0.1272837900329286,0.1139551247830013,0.0955252990367161,0.0876826866077932
218,683.7209302325582,0.182906598338282,0.1291826549449382,0.1349151973763768,0.1109824637855763,0.1227461200159714,0.1109640342841282,0.0929396296678534,0.0862745098039213
219,693.0232558139535,0.176259907975798,0.1227471696679292,0.1303617219878659,0.1061125123540782,0.1187908413414975,0.1083783649152652,0.0897552387589746,0.0848668578260285
220,702.3255813953489,0.1691046248297072,0.1169277857804265,0.1257198306653542,0.1019965936646638,0.1150956243276681,0.1042624462258507,0.0853082223244052,0.0821233065895474
221,711.6279069767442,0.163618047182724,0.1119671807665404,0.1218145922354357,0.0982693750991761,0.1098044463946061,0.0982509455977282,0.0808053120064287,0.0786425776344943
222,720.9302325581396,0.161014473138392,0.1078892512850642,0.1187908413414975,0.0952967141017511,0.1045301234850557,0.092782797452193,0.0776947196564263,0.0756883461385173
223,730.2325581395348,0.1591649318361434,0.1038949337506944,0.1160276769341825,0.0929570095173437,0.1010471612086589,0.0892835049782638,0.0752654111415886,0.0733496912060677
224,739.5348837209302,0.1554366636186981,0.1000634938796524,0.1113863104376498,0.0901955536053935,0.0980576451877224,0.0863108439808386,0.0723828789005727,0.0706061399695867
225,748.8372093023256,0.1501618158831686,0.0964921113422112,0.1057081408760256,0.0874172426699317,0.0952788094262818,0.0837437381308519,0.0690237511005642,0.068057463621048
226,758.1395348837209,0.1450980392156862,0.094329901796256,0.1024190038356134,0.0848658081740707,0.0929385800158955,0.0823518915245127,0.0668963012535893,0.0666840465161568
227,767.4418604651163,0.1400337377222247,0.0927268501044418,0.1005710370113017,0.0809452891985775,0.0899664438444496,0.0809273845231084,0.0655055042992081,0.0654886492756967
228,776.7441860465117,0.1347415101372049,0.0899490639949591,0.0975815209903652,0.0756888709644962,0.0862571299544311,0.0779721033751736,0.0636771506457301,0.0636940056692414
229,786.046511627907,0.1308020368342848,0.0862560803024734,0.0931682146028185,0.0710648843174537,0.0823697961999818,0.0735429916160733,0.0615665558222666,0.0617782857337205
230,795.3488372093024,0.1280220174034585,0.0823529411764705,0.0888612288247419,0.0680927481460074,0.078643627286452,0.0690416557760333,0.0588409092612549,0.0597898168912809
231,804.6511627906978,0.1241004487760075,0.0784492772244886,0.0865215242403345,0.0666677163186242,0.0754771410530424,0.0659652982990328,0.0562922329127162,0.0578572419322485
232,813.953488372093,0.1190373309519319,0.0747394385084914,0.0850964924129514,0.0652769193642428,0.072400258750063,0.0639415449316336,0.0549019607843135,0.0558687730898087
233,823.2558139534883,0.11513366699995,0.071767302337045,0.0830727390455523,0.0627450980392154,0.0690242759265431,0.0627282430157041,0.0535122134818899,0.0539530531542877
234,832.5581395348837,0.1125827573300679,0.0694275977526377,0.0802075866540265,0.0602132767141883,0.0668963012535893,0.0613548259108129,0.0509803921568625,0.0521589343738115
235,841.8604651162791,0.1098044463946061,0.0666671914926453,0.0766551584440122,0.0588235294117647,0.0655060291251869,0.0588235294117645,0.0484490956578143,0.0509809169828414
236,851.1627906976744,0.107042465656677,0.0639236402561644,0.0737905308784655,0.0574337821093409,0.0636940056692414,0.0562917080867373,0.047076203378902,0.0498192297894042
237,860.4651162790698,0.1046853812227793,0.0617961904091897,0.0717841573605566,0.0549019607843135,0.0617603810582512,0.0549019607843135,0.0458808061384417,0.0482199858968702
238,869.7674418604652,0.1015015151398796,0.0597898168912809,0.070571380270606,0.0523701394592863,0.0595601823043578,0.053511688655911,0.0440866873579655,0.0470588235294116
239,879.0697674418604,0.0968432936198353,0.0578393372567792,0.0691979631657149,0.0509803921568625,0.0566786997152997,0.0509630123073723,0.0421878224459558,0.0458981859879321
240,888.3720930232558,0.0913925253237903,0.0556391385028858,0.0666671914926453,0.04959012002846,0.0531257466793066,0.0482373657463603,0.0403942284914584,0.0443157971189094
241,897.6744186046512,0.0867516836532364,0.0527745109373387,0.0641527500171084,0.0470409188539424,0.0502611191137598,0.046127295748876,0.0392156862745096,0.0433489848134143
242,906.9767441860465,0.0837795474817904,0.049415907963309,0.0629742078001596,0.0442978924434402,0.0482552704218297,0.0443163219448883,0.0380376688835395,0.0429255249905069
243,916.2790697674418,0.0823718955038975,0.0472889829423135,0.0625159882782715,0.0419766173604809,0.0470593483553904,0.0431372549019606,0.0362614547785327,0.0419587126850118
244,925.5813953488373,0.0811928284609697,0.0459160906634011,0.0613374460613227,0.0392341157759577,0.0458802813124628,0.0419581878590329,0.0345743197779768,0.0403763238159891
245,934.8837209302326,0.0796099147659683,0.0443163219448883,0.0588235294117645,0.0367022944509303,0.0440866873579655,0.040147738881024,0.0337291086275264,0.0392156862745096
246,944.1860465116279,0.0786425776344945,0.0433484599874355,0.0563096127622064,0.0355237522339817,0.0421883472719346,0.0380545239070511,0.0340987204065984,0.03805504873303
247,953.4883720930233,0.0782012131361178,0.0429081451410167,0.0551315953712364,0.0350829125615839,0.0404116083409487,0.0355237522339817,0.0336921156072024,0.0364731846899863
248,962.7906976744187,0.0770058158956574,0.0417475075995368,0.0546902308728598,0.0341161002560888,0.0394279410119422,0.0337301582794842,0.0315848037570402,0.0355232274080028
249,972.0930232558139,0.0742796445086666,0.0394447960354535,0.0537060387178744,0.0325505664105776,0.0390039563630557,0.033184572475553,0.0300366497610194,0.0352941176470587
250,981.3953488372093,0.0707994403795924,0.0378618823404524,0.0519292997868885,0.0315842789310614,0.0380371440575608,0.0323393613251028,0.0304231165636028,0.0350650078861147
251,990.6976744186047,0.0678457337095941,0.0380197642080704,0.0500314845268368,0.0311602942821751,0.0364547551885383,0.031566899081571,0.0309138046717407,0.0341155754301099
252,1000.0,0.065524458626635,0.0373845744737091,0.0482547455958508,0.0301766269531684,0.0352941176470587,0.0311602942821751,0.0299475171922245,0.0325510912365565
253,1014.2857142857143,0.0629926373016076,0.0343278301675424,0.0472705534408655,0.0283998880221827,0.034133480105579,0.0301945316286375,0.027468360241647,0.0316016587805516
254,1028.5714285714287,0.0613928685830948,0.0312151919779684,0.0468291889424887,0.0265020727621309,0.0325516160625354,0.0286295226091055,0.0251666983295215,0.0313725490196075
255,1042.857142857143,0.061584460497736,0.0306532759765048,0.0456511715515187,0.0247258586571237,0.0316016587805516,0.0276800901531009,0.0249370637425985,0.0311434392586635
256,1057.142857142857,0.0613548259108129,0.030949614022679,0.0431372549019606,0.0237595711776074,0.0313725490196075,0.0274509803921568,0.0260433284142638,0.0301940068026589
257,1071.4285714285713,0.0599667871037539,0.0301766269531684,0.0406243879043601,0.0235473164401749,0.0311434392586635,0.0272218706312126,0.0258136938273408,0.0286295226091055
258,1085.7142857142858,0.0588224797598069,0.0286110931076575,0.0394811302123709,0.0235294117647058,0.0301940068026589,0.0262724381752077,0.0235115070892365,0.0276806149790798
259,1100.0,0.0576449871948159,0.0274515052181356,0.0394632255369018,0.0235115070892365,0.0286295226091055,0.0247079539816543,0.0210149702891687,0.0274683602416472
260,1114.2857142857142,0.0558519180662971,0.0263077227001673,0.0403763238159891,0.0233003020037615,0.0276800901531009,0.0237590463516286,0.0198374777241776,0.0274341253686454
261,1128.5714285714287,0.0539709578297569,0.0249202087190871,0.0417111734226196,0.0223682493972472,0.0274509803921568,0.023546791614196,0.0193966380517798,0.027239250480703
262,1142.857142857143,0.0524059488102247,0.0247079539816543,0.0414994435111659,0.0209981152656573,0.0272218706312126,0.0235120319152153,0.0184298257462847,0.026501547936152
263,1157.142857142857,0.0523706642852652,0.0251112758077494,0.0391977815990405,0.0207863853542036,0.0262724381752077,0.0232997771777827,0.0168648167267527,0.0258685915231342
264,1171.4285714285716,0.0534937839804419,0.0244609395452413,0.0367017696249516,0.0211902320062772,0.0247079539816543,0.022350869547757,0.0159159090967269,0.0262724381752077
265,1185.7142857142858,0.0532651990454766,0.0235120319152153,0.0355411320834719,0.0205572755932594,0.0237585215256497,0.0207863853542036,0.0157041791852732,0.0260601834377751
266,1200.0,0.0509803921568625,0.0223856292467374,0.0352946424730375,0.0198190482227296,0.0235294117647058,0.0198374777241776,0.015686274509804,0.0246726694566949
267,1214.2857142857142,0.0486955852682486,0.0209981152656573,0.0350650078861147,0.0196073183112758,0.0233003020037615,0.0196257478127239,0.0156683698343349,0.0235288869387269
268,1228.5714285714287,0.0484664755073045,0.0207690055047133,0.0341155754301099,0.0193792582022895,0.022350869547757,0.0196083679632337,0.015456639922881,0.0223687742232261
269,1242.857142857143,0.0495732650049487,0.0209779772688445,0.0325505664105776,0.0184466807697963,0.0207863853542036,0.0196073183112758,0.014507732292855,0.0207869101801824
270,1257.142857142857,0.0493610102675161,0.0195909881137432,0.0315842789310614,0.0170765466382063,0.0198374777241776,0.0195899384617855,0.0129432480993016,0.0198374777241776
271,1271.4285714285716,0.0472705534408655,0.0180433589437014,0.0311608191081538,0.0168648167267527,0.0196257478127239,0.0193782085503317,0.0119943404692758,0.0196257478127239
272,1285.7142857142858,0.0457234490968023,0.0177274077266933,0.0301945316286375,0.0172686633788266,0.0196083679632337,0.018429300920306,0.011782610557822,0.0196083679632337
273,1300.0,0.046127295748876,0.0178316290322477,0.0286295226091055,0.0166357069658087,0.0196078431372548,0.0168648167267527,0.0117652307083316,0.0196078431372548
274,1314.2857142857142,0.0468297137684676,0.0186241758082481,0.0276806149790798,0.0158974795952788,0.0196078431372548,0.0159159090967269,0.0117647058823526,0.0196073183112758
275,1328.5714285714287,0.0468118090929983,0.0191838584883683,0.0274688850676261,0.015686274509804,0.0196078431372548,0.0157041791852732,0.0117647058823526,0.0195899384617855
276,1342.857142857143,0.0458797564864839,0.0186415556577386,0.0274509803921568,0.015475069424329,0.0196073183112758,0.0156867993357829,0.011764181056374,0.0193782085503317
277,1357.142857142857,0.0443152722929307,0.0180423092917438,0.0274330757166875,0.0147373668797778,0.0195899384617855,0.015686274509804,0.0117473260328624,0.018429300920306
278,1371.4285714285716,0.0433489848134143,0.0186410308317598,0.0272213458052338,0.0141217903162507,0.0193782085503317,0.015686274509804,0.0115529759708989,0.0168648167267527
279,1385.7142857142858,0.0429255249905069,0.0191659538128992,0.0262724381752077,0.0147368420537992,0.018428776094327,0.0156857496838251,0.0108157982523269,0.0159159090967269
280,1400.0,0.0419587126850118,0.0183945412213254,0.0247074291556756,0.015456639922881,0.0168474368772625,0.0156683698343349,0.0101996968628206,0.0157041791852732
281,1414.2857142857142,0.0403763238159891,0.01665256198932,0.0237416665021383,0.0154392600733908,0.0157041791852732,0.015456639922881,0.0107984184028366,0.0156867993357829
282,1428.5714285714287,0.0392156862745096,0.0149670014667009,0.0233355865287211,0.0145072074668761,0.0147552715552471,0.014507732292855,0.011341246059445,0.015686274509804
283,1442.857142857143,0.0380545239070511,0.0141396949917198,0.0225810289606587,0.0129432480993016,0.0141223151422296,0.0129432480993016,0.0107984184028366,0.0156857496838251
284,1457.142857142857,0.036455804840496,0.0147373668797778,0.0219644027451735,0.0119943404692758,0.0147373668797778,0.0119943404692758,0.0101991720368416,0.0156683698343349
285,1471.4285714285716,0.0353114974965491,0.015456639922881,0.0225625994592106,0.011782610557822,0.0154745445983504,0.011782610557822,0.0107978935768577,0.015456639922881
286,1485.7142857142858,0.0343452100170328,0.0154392600733908,0.0230880472663289,0.0117652307083316,0.0156688946603138,0.0117652307083316,0.0113233413839761,0.014507732292855
287,1500.0,0.0335005236925614,0.0145072074668761,0.0223334896982665,0.0117647058823526,0.0156852248578462,0.0117647058823526,0.0105687838159136,0.0129432480993016
288,1519.6078431372548,0.033166142974105,0.0129437729252805,0.0207858605282247,0.011764181056374,0.0156683698343349,0.0117647058823526,0.0090211546458718,0.0119943404692758
289,1539.2156862745098,0.0323214566496333,0.0120122451447448,0.0198374777241776,0.0117478508588414,0.0154571647488599,0.011764181056374,0.0080727718418247,0.011782610557822
290,1558.8235294117646,0.0313551691701172,0.0120122451447448,0.0196257478127239,0.0115708806463683,0.0145256369683244,0.0117473260328624,0.0078610419303708,0.0117652307083316
291,1578.4313725490197,0.0302108618261702,0.0129432480993016,0.0196083679632337,0.011044908013271,0.0131723578602457,0.0115529759708989,0.0078431372549014,0.011764181056374
292,1598.0392156862745,0.0286126675855941,0.0144898276173859,0.0196073183112758,0.0113603344043002,0.0131549780107554,0.0108157982523269,0.0078252325794325,0.0117468012068836
293,1617.6470588235295,0.0274694098936048,0.0152275301619371,0.0195899384617855,0.0133118102264158,0.0142960023814012,0.0102002216887993,0.0076135026679786,0.0115350712954298
294,1637.2549019607843,0.0265373572870902,0.014507732292855,0.0193782085503317,0.0138541130570457,0.0142786225319111,0.0108157982523269,0.0066651198639318,0.0105861636654041
295,1656.8627450980393,0.0260982261100573,0.0131718330342669,0.018429300920306,0.0119411512688469,0.0129253434238325,0.01155245114492,0.0051180155198687,0.0090216794718507
296,1676.4705882352941,0.0274336005426665,0.0131549780107554,0.0168648167267527,0.0101991720368416,0.0119938156432968,0.0117288965314144,0.0043808378012968,0.0080732966678034
297,1696.078431372549,0.0285920047628025,0.0142954775554224,0.0159159090967269,0.0096551607108471,0.011782610557822,0.0115171666199607,0.0051180155198687,0.0078789466058399
298,1715.686274509804,0.0274330757166875,0.0142612426824206,0.0157041791852732,0.0088109992123547,0.0117652307083316,0.0103744337539503,0.0066651198639318,0.0080727718418247
299,1735.2941176470588,0.0260803214345879,0.0127136135123786,0.0156867993357829,0.0080732966678034,0.0117647058823526,0.0080727718418247,0.0076135026679786,0.0090042996223602
300,1754.9019607843138,0.0263077227001673,0.011044908013271,0.015686274509804,0.008089626865336,0.011764181056374,0.0065082876482713,0.0078252325794325,0.0103744337539503
301,1774.5098039215686,0.0262903428506771,0.0102181263642686,0.015686274509804,0.0090042996223602,0.0117468012068836,0.006912134300345,0.0078426124289228,0.0105856388394252
302,1794.1176470588234,0.0258506868476651,0.0108163230783058,0.015686274509804,0.010356529078481,0.0115355961214087,0.0076319321694269,0.0078426124289228,0.010164412337861
303,1813.7254901960785,0.0262540086737597,0.01155245114492,0.015686274509804,0.010356529078481,0.0106040683408732,0.0078252325794325,0.0078252325794325,0.0105856388394252
304,1833.3333333333335,0.0258310736768312,0.011729946183372,0.015686274509804,0.0090037747963813,0.0092507892327946,0.0078252325794325,0.0076135026679786,0.0103744337539503
305,1852.9411764705883,0.0235130815671731,0.01155245114492,0.0156857496838251,0.0080722470158458,0.0092334093833044,0.007631407343448,0.0066645950379529,0.0090042996223602
306,1872.549019607843,0.0210513044660859,0.0108157982523269,0.0156683698343349,0.0078610419303708,0.0103744337539503,0.006893704798897,0.0051001108443997,0.0080722470158458
307,1892.1568627450981,0.0203141267475139,0.0102002216887993,0.0154571647488599,0.0078431372549014,0.0103575787304388,0.006261273211858,0.0041512032143737,0.0078610419303708
308,1911.764705882353,0.0219649275711523,0.0108157982523269,0.0145251121423454,0.0078257574054112,0.0090211546458718,0.0066824997134221,0.0039394733029201,0.0078436620808804
309,1931.372549019608,0.0248468815218458,0.0115529759708989,0.0131549780107554,0.007631407343448,0.0082839769272994,0.0066824997134221,0.0039220934534298,0.0078431372549014
310,1950.9803921568628,0.025583534414439,0.0117473260328624,0.0129432480993016,0.0068942296248759,0.0088104743863757,0.0062607483858792,0.0039215686274509,0.0078431372549014
311,1970.5882352941176,0.0234930775877885,0.0117636562303951,0.0133470947513754,0.0062781282353694,0.0094260509499032,0.0068758001234278,0.0039215686274509,0.0078431372549014
312,1990.1960784313726,0.0209970656136995,0.0117462763809046,0.0127141383383575,0.0068768497753857,0.0090211546458718,0.0074017727565249,0.0039215686274509,0.0078431372549014
313,2009.8039215686276,0.0196257478127239,0.0115171666199607,0.0119764357938065,0.0074196774319942,0.0092155047078351,0.0066472151884626,0.0039215686274509,0.0078431372549014
314,2029.4117647058824,0.018447730421754,0.0103570539044599,0.011782085731843,0.0068768497753857,0.0103739089279712,0.0050995860184208,0.0039215686274509,0.0078431372549014
315,2049.0196078431372,0.0168653415527315,0.007861041930371,0.0117652307083316,0.0062776034093907,0.0103570539044599,0.0041517280403526,0.0039215686274509,0.0078431372549014
316,2068.627450980392,0.0159159090967269,0.0055593800182454,0.0117647058823526,0.0068763249494068,0.0090037747963813,0.0039573779783892,0.0039215686274509,0.0078431372549014
317,2088.235294117647,0.0157041791852732,0.0053476501067919,0.011764181056374,0.0074017727565249,0.0080722470158458,0.0041512032143737,0.0039215686274509,0.0078431372549014
318,2107.843137254902,0.0156867993357829,0.0066830245394011,0.0117468012068836,0.0066477400144415,0.0078610419303708,0.0050822061689306,0.0039215686274509,0.0078426124289228
319,2127.450980392157,0.015686274509804,0.0076140274939576,0.0115355961214087,0.00511749069389,0.0078436620808804,0.0064354852770089,0.0039215686274509,0.0078252325794325
320,2147.0588235294117,0.015686274509804,0.0078257574054112,0.0106040683408732,0.0043808378012968,0.0078431372549014,0.0064528651264992,0.0039215686274509,0.0076135026679786
321,2166.666666666667,0.015686274509804,0.0078605171043919,0.0092513140587735,0.0051180155198687,0.0078431372549014,0.0053113159298744,0.0039215686274509,0.0066651198639318
322,2186.274509803922,0.0156867993357829,0.0080727718418247,0.0092507892327946,0.0066645950379529,0.0078426124289228,0.0053113159298744,0.0039215686274509,0.0051180155198687
323,2205.8823529411766,0.0157041791852732,0.0090216794718507,0.0105866884913828,0.0075955979925096,0.0078252325794325,0.0064528651264992,0.0039215686274509,0.0043808378012968
324,2225.4901960784314,0.0159159090967269,0.0105861636654041,0.011323866209955,0.0075955979925096,0.0076135026679786,0.0064354852770089,0.0039215686274509,0.0051180155198687
325,2245.098039215686,0.0168648167267527,0.0115350712954298,0.0107978935768577,0.0066640702119742,0.0066645950379529,0.0050822061689306,0.0039215686274509,0.0066651198639318
326,2264.7058823529414,0.018429300920306,0.0117462763809046,0.0101991720368416,0.0051001108443997,0.0051001108443997,0.0041506783883951,0.0039215686274509,0.0076135026679786
327,2284.3137254901962,0.0193776837243528,0.0117468012068836,0.0107978935768577,0.0041512032143737,0.0041517280403526,0.0039394733029201,0.0039215686274509,0.0078247077534536
328,2303.921568627451,0.0195715089603374,0.0115529759708989,0.0113233413839761,0.0039394733029201,0.0039573779783892,0.0039220934534298,0.0039215686274509,0.0078247077534536
329,2323.529411764706,0.0193592542229048,0.0108152734263482,0.0105687838159136,0.0039220934534298,0.0041517280403526,0.0039220934534298,0.003921043801472,0.0076135026679786
330,2343.1372549019607,0.0181817616579138,0.0101823170133301,0.0090211546458718,0.0039215686274509,0.0050995860184208,0.0039394733029201,0.0039041887779607,0.0066645950379529
331,2362.745098039216,0.015456639922881,0.0105861636654041,0.0080727718418247,0.0039215686274509,0.0066472151884626,0.0041512032143737,0.0037098387159971,0.0051001108443997
332,2382.3529411764707,0.0119948652952546,0.0103744337539503,0.0078615667563498,0.0039215686274509,0.0074017727565249,0.0050995860184208,0.0029726609974249,0.0041512032143737
333,2401.9607843137255,0.009287123409712,0.0090037747963813,0.0078615667563498,0.0039215686274509,0.0068763249494068,0.0066466903624836,0.0023570844338975,0.0039394733029201
334,2421.5686274509803,0.0083208359301958,0.0080548671663553,0.0080727718418247,0.0039215686274509,0.0062776034093907,0.0073843929070347,0.0029726609974249,0.0039220934534298
335,2441.176470588235,0.0090401089732987,0.0076493120189171,0.0090211546458718,0.0039215686274509,0.0068768497753857,0.0066640702119742,0.0037098387159971,0.0039215686274509
336,2460.7843137254904,0.0105872133173618,0.0068947544508546,0.0105682589899348,0.0039215686274509,0.0074196774319942,0.0053113159298744,0.0039041887779607,0.0039215686274509
337,2480.392156862745,0.0115529759708989,0.0062786530613484,0.011304911882528,0.0039215686274509,0.0068763249494068,0.0051001108443997,0.0039205189754931,0.0039215686274509
338,2500.0,0.0119759109678276,0.0068942296248759,0.0105508791404445,0.0039215686274509,0.0062607483858792,0.0055039574964734,0.0039041887779607,0.0039215686274509
339,2526.315789473684,0.0129248185978536,0.0076308825174691,0.0088094247344179,0.0039215686274509,0.0066824997134221,0.0048710010834556,0.0037098387159971,0.0039215686274509
340,2552.6315789473683,0.0142775728799533,0.007808377555921,0.007123864211799,0.0039215686274509,0.0066824997134221,0.0041332985389046,0.0029726609974249,0.0039215686274509
341,2578.9473684210525,0.0142601930304631,0.0076308825174691,0.0062965577368176,0.0039215686274509,0.0062607483858792,0.0039389484769412,0.0023570844338975,0.0039215686274509
342,2605.2631578947367,0.0126957088369095,0.0068942296248759,0.0068947544508546,0.0039215686274509,0.0068758001234278,0.0039220934534298,0.0029726609974249,0.0039215686274509
343,2631.578947368421,0.0108152734263482,0.0062786530613484,0.0076308825174691,0.0039215686274509,0.0074017727565249,0.0039215686274509,0.0037098387159971,0.0039215686274509
344,2657.8947368421054,0.0090395841473198,0.0068942296248759,0.0078078527299421,0.0039215686274509,0.0066472151884626,0.0039215686274509,0.0039041887779607,0.0039215686274509
345,2684.2105263157896,0.0080732966678034,0.007631407343448,0.0076129778419999,0.0039215686274509,0.0050995860184208,0.0039215686274509,0.003921043801472,0.0039215686274509
346,2710.5263157894738,0.0078615667563498,0.0078252325794325,0.0066645950379529,0.0039215686274509,0.0041512032143737,0.0039215686274509,0.0039215686274509,0.0039215686274509
347,2736.842105263158,0.0078615667563498,0.0078247077534536,0.0051006356703786,0.0039215686274509,0.0039394733029201,0.0039215686274509,0.0039215686274509,0.0039215686274509
348,2763.157894736842,0.0080727718418247,0.0076135026679786,0.0041691078898431,0.0039215686274509,0.0039220934534298,0.0039215686274509,0.0039215686274509,0.0039215686274509
349,2789.4736842105262,0.0090211546458718,0.0066645950379529,0.0041691078898431,0.0039215686274509,0.0039215686274509,0.0039215686274509,0.0039215686274509,0.0039215686274509
350,2815.7894736842104,0.0105682589899348,0.0051001108443997,0.0051006356703786,0.0039215686274509,0.0039215686274509,0.0039215686274509,0.0039215686274509,0.0039215686274509
351,2842.1052631578946,0.011305436708507,0.0041517280403526,0.0066645950379529,0.0039215686274509,0.0039215686274509,0.0039215686274509,0.0039215686274509,0.0039215686274509
352,2868.4210526315787,0.0105682589899348,0.0039573779783892,0.0076135026679786,0.0039215686274509,0.0039215686274509,0.0039215686274509,0.0039215686274509,0.0039215686274509
353,2894.7368421052633,0.0090211546458718,0.0041517280403526,0.0078247077534536,0.0039215686274509,0.0039215686274509,0.0039215686274509,0.0039215686274509,0.0039215686274509
354,2921.0526315789475,0.0080732966678034,0.0051001108443997,0.0078247077534536,0.0039215686274509,0.0039215686274509,0.0039215686274509,0.0039215686274509,0.0039215686274509
355,2947.3684210526317,0.0078789466058399,0.0066640702119742,0.0076135026679786,0.0039215686274509,0.0039220934534298,0.0039215686274509,0.0039215686274509,0.0039215686274509
356,2973.684210526316,0.0080727718418247,0.0075961228184884,0.0066645950379529,0.0039215686274509,0.0039394733029201,0.0039215686274509,0.0039215686274509,0.0039215686274509
357,3000.0,0.0090032499704024,0.0076135026679786,0.0051001108443997,0.0039215686274509,0.0041512032143737,0.0039215686274509,0.0039220934534298,0.0039215686274509
358,3026.315789473684,0.0103391492289908,0.006893179972918,0.0041512032143737,0.0039215686274509,0.0051001108443997,0.0039215686274509,0.0039394733029201,0.0039215686274509
359,3052.6315789473683,0.0101447991670273,0.0062607483858792,0.0039394733029201,0.0039220934534298,0.0066640702119742,0.0039215686274509,0.0041506783883951,0.0039215686274509
360,3078.9473684210525,0.0080548671663556,0.0066645950379529,0.0039220934534298,0.0039394733029201,0.0075961228184884,0.0039215686274509,0.0050822061689306,0.0039215686274509
361,3105.2631578947367,0.0065082876482713,0.0064533899524781,0.0039215686274509,0.0041506783883951,0.0076129778419999,0.0039215686274509,0.00643496045103,0.0039215686274509
362,3131.578947368421,0.0069305638017931,0.0051006356703786,0.0039215686274509,0.0050822061689306,0.0068763249494068,0.0039215686274509,0.00643496045103,0.0039215686274509
363,3157.894736842105,0.0078789466058399,0.004379788149339,0.0039215686274509,0.00643496045103,0.0060663983239157,0.0039215686274509,0.0050822061689306,0.0039215686274509
364,3184.2105263157896,0.0092165543597929,0.0051006356703786,0.0039215686274509,0.00643496045103,0.0059268924934019,0.0039215686274509,0.0041506783883951,0.0039215686274509
365,3210.5263157894738,0.0115529759708989,0.0064528651264992,0.0039215686274509,0.0050822061689306,0.0058199087134813,0.0039215686274509,0.0039394733029201,0.0039215686274509
366,3236.842105263158,0.0133470947513754,0.0066466903624836,0.0039215686274509,0.0041506783883951,0.005486577646983,0.0039215686274509,0.0039220934534298,0.0039215686274509
367,3263.157894736842,0.0141038856407813,0.0060311137989563,0.0039215686274509,0.0039394733029201,0.0039389484769412,0.0039215686274509,0.0039220934534298,0.0039215686274509
368,3289.4736842105262,0.0158974795952788,0.0057151625819482,0.0039215686274509,0.0039220934534298,0.0025693391713301,0.0039215686274509,0.0039394733029201,0.0039215686274509
369,3315.7894736842104,0.0182170461828734,0.0048878561069671,0.0039215686274509,0.0039215686274509,0.0029900408469152,0.0039215686274509,0.0041506783883951,0.0039215686274509
370,3342.1052631578946,0.0193608287008414,0.0041164435153933,0.0039220934534298,0.003921043801472,0.003710888367955,0.0039220934534298,0.0050827309949095,0.0039215686274509
371,3368.4210526315787,0.0195888888098278,0.0037272185654875,0.0039389484769412,0.0039041887779607,0.0039220934534298,0.0039389484769412,0.0064528651264992,0.0039215686274509
372,3394.7368421052633,0.0195899384617855,0.0029731858234038,0.0041332985389046,0.0037098387159971,0.0041501535624162,0.0041332985389046,0.0066645950379529,0.0039215686274509
373,3421.0526315789475,0.0193961132258009,0.0023570844338975,0.0048704762574769,0.0029726609974249,0.0050822061689306,0.0048704762574769,0.0062607483858792,0.0039220934534298
374,3447.3684210526317,0.0186589355072288,0.0029731858234038,0.0054860528210043,0.0023570844338975,0.00643496045103,0.0054860528210043,0.0068942296248759,0.0039394733029201
375,3473.684210526316,0.0180428341177227,0.0037272185654875,0.004869951431498,0.0029726609974249,0.0064354852770089,0.0048704762574769,0.0076493120189171,0.0041512032143737
376,3500.0,0.0186415556577386,0.0041159186894144,0.0041159186894144,0.0037098387159971,0.0051001108443997,0.0041332985389046,0.0080553919923344,0.0051001108443997
377,3551.7241379310344,0.0191843833143472,0.004869951431498,0.0037272185654875,0.0039041887779607,0.0043803129753179,0.0039389484769412,0.0090211546458718,0.0066645950379529
378,3603.448275862069,0.0186415556577386,0.0054860528210043,0.0029731858234038,0.0039215686274509,0.0051180155198687,0.0039220934534298,0.0105861636654041,0.0076135026679786
379,3655.1724137931033,0.0180433589437014,0.0048710010834556,0.0023570844338975,0.0039394733029201,0.0066645950379529,0.0039220934534298,0.0115355961214087,0.0078252325794325
380,3706.896551724138,0.018676315356719,0.0041506783883951,0.0029731858234038,0.0041512032143737,0.0075955979925096,0.0039394733029201,0.0117652307083316,0.0078426124289228
381,3758.6206896551726,0.0196078431372548,0.0041506783883951,0.0037277433914664,0.0051001108443997,0.0075961228184884,0.0041512032143737,0.0120122451447448,0.0078431372549014
382,3810.344827586207,0.0205393709177902,0.0048710010834556,0.0041338233648835,0.0066645950379529,0.0066819748874433,0.0050995860184208,0.0131913121876727,0.0078431372549014
383,3862.0689655172414,0.0211718025048293,0.0054860528210043,0.0050995860184208,0.0076129778419999,0.0053297454313225,0.0066472151884626,0.015933813772196,0.0078431372549014
384,3913.793103448276,0.0205567507672805,0.0048704762574769,0.0066645950379529,0.0078073279039634,0.0053297454313225,0.0074017727565249,0.0196078431372548,0.0078431372549014
385,3965.5172413793102,0.0198200978746873,0.0041332985389046,0.0076135026679786,0.0076135026679786,0.0066824997134221,0.0068763249494068,0.0232813476763348,0.0078436620808804
386,4017.241379310345,0.0196431276622141,0.0039389484769412,0.0078252325794325,0.0066824997134221,0.0076140274939576,0.0062781282353694,0.0260064694113677,0.0078605171043919
387,4068.9655172413795,0.0198380025501565,0.0039220934534298,0.0078426124289228,0.0053297454313225,0.0078252325794325,0.0068942296248759,0.0269732817168627,0.0080548671663553
388,4120.689655172414,0.0207853357022457,0.0039220934534298,0.0078431372549014,0.0053302702573014,0.0078426124289228,0.007631407343448,0.0262540086737597,0.0087920448849275
389,4172.413793103448,0.0223155850227974,0.0039394733029201,0.0078426124289228,0.0066998795629125,0.0078436620808804,0.0078262822313902,0.0247069043296966,0.009407621448455
390,4224.137931034483,0.0228589375053849,0.0041512032143737,0.0078257574054112,0.0078257574054112,0.0078610419303708,0.0078605171043919,0.0237411416761593,0.0087920448849275
391,4275.862068965517,0.0214024867437099,0.0051001108443997,0.007631407343448,0.0087741402094583,0.0080722470158458,0.0080722470158458,0.0233176818532518,0.0080548671663553
392,4327.586206896552,0.0194689155970636,0.0066645950379529,0.0068942296248759,0.0094070966224761,0.0090042996223602,0.0090037747963813,0.0223513943737357,0.0078605171043919
393,4379.310344827586,0.0202967468980236,0.0076135026679786,0.0062786530613484,0.0087920448849275,0.0103744337539503,0.0103560042525021,0.0207858605282247,0.0078441869068595
394,4431.0344827586205,0.0233361113547001,0.0078252325794325,0.0068942296248759,0.0080548671663553,0.0105861636654041,0.0103391492289908,0.0198195730487085,0.0078610419303708
395,4482.758620689655,0.0260443780662216,0.0078426124289228,0.007631407343448,0.0078605171043919,0.0101823170133301,0.0087920448849275,0.0193961132258009,0.0080727718418247
396,4534.48275862069,0.0274504555661778,0.0078431372549014,0.0078262822313902,0.0078436620808804,0.0108152734263482,0.007123864211799,0.0184298257462847,0.0090216794718507
397,4586.206896551725,0.0288407276945805,0.0078431372549014,0.0078605171043919,0.0078436620808804,0.0115529759708989,0.0063144624122868,0.0168648167267527,0.0105866884913828
398,4637.931034482759,0.0313720241936287,0.0078436620808804,0.0080727718418247,0.0078610419303708,0.0117473260328624,0.0071243890377775,0.0159159090967269,0.0115529759708989
399,4689.6551724137935,0.0338854160172079,0.0078610419303708,0.0090222042978295,0.0080732966678034,0.0117647058823526,0.0088104743863757,0.0157041791852732,0.0119769606197854
400,4741.379310344828,0.0350286737091973,0.0080732966678034,0.0106045931668521,0.0090395841473198,0.011782085731843,0.0105866884913828,0.0156867993357829,0.012960103122813
401,4793.103448275862,0.0350465783846665,0.0090395841473198,0.011782610557822,0.0108157982523269,0.0119769606197854,0.011764181056374,0.015686274509804,0.0147194622043089
402,4844.827586206897,0.0341329552796001,0.0108157982523269,0.0131549780107553,0.0127136135123786,0.012731518187848,0.0129253434238325,0.015686274509804,0.0164055475529067
403,4896.551724137931,0.0327807258234794,0.0127136135123786,0.0156857496838248,0.0144903524433648,0.0135588246628292,0.0145072074668761,0.0156867993357829,0.017233378853867
404,4948.275862068966,0.0327817754754371,0.0144898276173859,0.0181996663333829,0.0154740197723715,0.0138932053812854,0.0154571647488599,0.0157041791852732,0.0166530868152989
405,5000.0,0.0341692894565174,0.015456639922881,0.0193603038748626,0.0158985292472366,0.0147552715552471,0.0156867993357829,0.0159159090967269,0.0161460685096287
406,5161.290322580645,0.0355248018859395,0.0156867993357829,0.0195894136358067,0.0168821965762431,0.0159332889462173,0.0159332889462173,0.0168653415527315,0.0171297358386353
407,5322.580645161291,0.0376517269069351,0.0159338137721962,0.0196083679632337,0.0186594603332078,0.0180265039201901,0.0170949761396546,0.018447730421754,0.0198385273761354
408,5483.870967741936,0.0410271849044762,0.0171123559891448,0.019644177314172,0.0205746554427499,0.0211897071802984,0.0196257478127239,0.0196257478127239,0.0233182066792309
409,5645.1612903225805,0.0440866873579655,0.0198385273761354,0.0200860666385276,0.0225636491111682,0.0232997771777827,0.0223519191997145,0.0209986400916362,0.0262734878271655
410,5806.451612903225,0.0470419685059002,0.0233355865287212,0.0222303715090137,0.02451412874567,0.0246726694566949,0.0244967488961797,0.0235473164401749,0.0286469024585958
411,5967.741935483871,0.0498376592908522,0.0264846929126405,0.0267322321750327,0.0267322321750327,0.0262898180246982,0.0267317073490538,0.026290867676656,0.0318139135179844
412,6129.032258064516,0.0524075232881615,0.0295784302391315,0.0321107763901375,0.0298259695015237,0.0274699347195838,0.0298264943275026,0.0286305722610633,0.0362614547785327
413,6290.322580645161,0.0565582016765564,0.0331671926260628,0.0368596514925696,0.0343462596689905,0.0288781115234555,0.0343641643444598,0.0316206131079788,0.0407991247954899
414,6451.612903225807,0.0630115916290345,0.0362798842799807,0.0404121331669276,0.039022385864504,0.0318681523703707,0.0392514956254481,0.03555956158492,0.0443337017943786
415,6612.903225806452,0.0706245694710347,0.0396928601238246,0.0447750662927555,0.0433674143148623,0.0367386286278477,0.0445280518563422,0.040624912730339,0.0486787302447371
416,6774.193548387097,0.078644152112431,0.0447755911187341,0.0512284562452337,0.0484675251592622,0.0433679391408414,0.0509809169828414,0.0470777778568385,0.0549203902857616
417,6935.483870967742,0.0872418469353955,0.0519677332677213,0.0586323283056745,0.0549398694391674,0.0507702367233455,0.0574527364367678,0.053760277570261,0.0613743050642188
418,7096.774193548386,0.0959317698186844,0.0595128239810842,0.0657740971929427,0.0618704332409609,0.0576823710236908,0.0630131661069712,0.060251710195021,0.0669163052329742
419,7258.064516129032,0.1043931612313521,0.0667979064981465,0.0737110904504496,0.0697895218229986,0.0644229173887798,0.0697884721710407,0.0683602913877843,0.0734609270581629
420,7419.354838709677,0.114986864269276,0.0781287872546425,0.0860451176893579,0.0821077436903534,0.0737832339783052,0.080927102169489,0.0792145231209442,0.0833857303147029
421,7580.645161290322,0.1306263587461289,0.0957571413824862,0.1055066829219177,0.1014276232353996,0.0883374639504918,0.0983822938841396,0.0934126555728815,0.0976570559464535
422,7741.935483870968,0.1551364201005964,0.1209023119182308,0.1358025293725963,0.1316388615513575,0.1114936408178177,0.1257966577457601,0.1131207104158755,0.1192699405960403
423,7903.225806451613,0.1923247876807865,0.1598882730610138,0.1843546526748596,0.1826333362656457,0.149688051372214,0.1706014779500668,0.1429437734338856,0.1560932208312329
424,8064.516129032258,0.2471882244394636,0.2231021610440926,0.2602907956298563,0.2648095113193867,0.2108785491674711,0.2429199979684631,0.1920572879116338,0.22103013371889
425,8225.806451612903,0.3303662364654183,0.3222595165990605,0.3718176029840407,0.3812552182543247,0.306555199930792,0.3516702353467995,0.2712623733787684,0.3245437986616954
426,8387.09677419355,0.4528507599179852,0.4595410628286651,0.5155912114357475,0.5256340536811035,0.4402743965129725,0.4947045646959058,0.3860685754375084,0.4641096269539353
427,8548.387096774193,0.6043983081149005,0.6148482807090654,0.6670313772082604,0.6746851342296545,0.5944825392772193,0.6488877725236484,0.5280942948680517,0.6175549729426503
428,8709.677419354839,0.7450226022401064,0.7475129502819089,0.7838957158734239,0.7883164533733242,0.7339684043331057,0.7762094519384642,0.6708164624187329,0.7473376885648004
429,8870.967741935485,0.8313197551406171,0.8239686082800805,0.8410908755458751,0.8429618337661962,0.8228319356130678,0.8463747708970268,0.779398048190592,0.8232651406085312
430,9032.258064516129,0.8584736782195341,0.8510213384148507,0.855913418542245,0.8564164840679016,0.8550112858538088,0.8637000410715694,0.8358644089472658,0.8507622529809232
431,9193.548387096773,0.8593107141846061,0.8566390433604547,0.8569349409086822,0.8567705344830145,0.8585322314865131,0.8604217267285291,0.8536907353578811,0.8555052074350376
432,9354.83870967742,0.8581324069941274,0.8575041385468367,0.8538568230592165,0.851964178861327,0.8560951971144277,0.855371124219271,0.855357910940924,0.8481192756337241
433,9516.129032258064,0.8603804514186213,0.8550174934155172,0.838744168731701,0.8308327910000975,0.8465057637162714,0.8397962792019258,0.8451728679703691,0.8121451655520384
434,9677.419354838708,0.8647978529977327,0.8392527244330472,0.7963774384920653,0.7775357826430578,0.8127139516021511,0.7877602086940533,0.8043304590877449,0.7230565793656207
435,9838.709677419354,0.860276112484043,0.7985765366184748,0.7202987349520247,0.6923885834444762,0.7411675216046598,0.6854178338001672,0.7119136680382183,0.5870783100071776
436,10000.0,0.8305108859042902,0.7325958882159433,0.619373953953503,0.5906179894818908,0.6403528070268439,0.5554115034470226,0.5762490705587954,0.4397834951719184
437,10000.0,0.7723526786111901,0.647636185981104,0.5091795336388073,0.4853005294224598,0.5277145330000017,0.4283060306736674,0.430215995388683,0.3106128504046344
438,10000.0,0.6931686523139788,0.549839548872928,0.4033455585792396,0.3841083768730142,0.4158451913183147,0.3190084805259274,0.3038800938460495,0.2107348268476401
439,10000.0,0.5984540291954559,0.4479495361715795,0.3102589522533825,0.2937100867436378,0.3160310473864095,0.2338999190707227,0.2101354914711592,0.1412826607716415
440,10000.0,0.4948428849965096,0.3530549459077741,0.2342051929436241,0.2205421469752404,0.2359140982103166,0.1735401864281096,0.1480682786743166,0.0989950979815814
441,10000.0,0.39384771500013,0.2731528111503782,0.1766980836370417,0.1661461548446394,0.1771947366397626,0.1326438648653256,0.1095932014278715,0.075800740097502
442,10000.0,0.3058402057972318,0.2105824500022921,0.135559138054491,0.1290715132290111,0.1367566345988669,0.1052186108747772,0.0863142354090715,0.0624070942024511
443,10000.0,0.2329348940279858,0.1629753587476672,0.1073107761967924,0.1056892950035301,0.1100543274332734,0.0871509915524724,0.0714092945208961,0.052446481594973
444,10000.0,0.1744267910072503,0.1279038611409905,0.0885395551855103,0.0898380706152235,0.0922309644000596,0.0760122275365962,0.0603075235253443,0.0445654356852172
445,10000.0,0.131111071967964,0.1025934583731238,0.0753103343429836,0.0771539107506489,0.0791960936194962,0.067356486061965,0.0514770451595836,0.0383031128214008
446,10000.0,0.1018589582487898,0.0841946607525798,0.0656004099537708,0.0671464646458761,0.06929181916832,0.0584581162405237,0.0445649108592383,0.0325705703899623
447,10000.0,0.0836516990785432,0.0727432284929967,0.0590905478275626,0.0588961977655992,0.0618335742380646,0.0516872005931006,0.0392525452774057,0.0276995693065067
448,10000.0,0.0709300213676655,0.0655792223050004,0.0537608023962399,0.0514591404841144,0.0549388197872098,0.0473247922932519,0.0343636395184809,0.0237948557025671
449,10000.0,0.0602717141744059,0.0588266783676377,0.0482568448997664,0.0457429282502082,0.0484685748112201,0.0441061665113713,0.0298091144780121,0.0210170695930843
450,10000.0,0.0514949498350527,0.0521778887012385,0.0436149535772545,0.0422252062748309,0.0434032236658008,0.0410282345564341,0.0265205022635788,0.0196262726387028
451,10000.0,0.0448303547970996,0.046375884663226,0.0406601972552986,0.0392525452774057,0.0394821798643287,0.0376696315824045,0.023565745941623,0.018447730421754
452,10000.0,0.0408908814941793,0.0418392642982263,0.0394642751888595,0.0367033441028881,0.0367212487783572,0.0357539116468834,0.0210170695930843,0.0168653415527315
453,10000.0,0.0408908814941793,0.0418392642982263,0.0394642751888595,0.0367033441028881,0.0367212487783572,0.0357539116468834,0.0210170695930843,0.0168653415527315
